{
  "VirEnv_1": {
    "overlayCoords": [
      [0.0002307207207, 0.004459082914],
      [0.003717027207, 0.004459082914],
      [0.003717027207, 0.0003628597122],
      [0.0002307207207, 0.0003628597122]
    ],
    "bounds": [
      [-0.0017692792793, -0.0031371402878],
      [0.005717027207, 0.006459082914]
    ]
  },
  "VirEnv_2": {
    "overlayCoords": [
      [0.0002307207207, 0.004459082914],
      [0.003717027207, 0.004459082914],
      [0.003717027207, 0.0003628597122],
      [0.0002307207207, 0.0003628597122]
    ],
    "bounds": [
      [-0.0017692792793, -0.0031371402878],
      [0.005717027207, 0.006459082914]
    ]
  },
  "VirEnv_3": {
    "overlayCoords": [
      [0.0002323873874, 0.0017125625],
      [0.001583738739, 0.0017125625],
      [0.001583738739, 0.0003759622302],
      [0.0002323873874, 0.0003759622302]
    ],
    "bounds": [
      [-0.0007676126126, -0.0011240377698],
      [0.002583738739, 0.0027125625]
    ]
  },
  "VirEnv_4": {
    "overlayCoords": [
      [0.0002413063063, 0.001713741071],
      [0.001592657658, 0.001713741071],
      [0.001592657658, 0.0001972931655],
      [0.0002413063063, 0.0001972931655]
    ],
    "bounds": [
      [-0.0007586936937, -0.0013027063345],
      [0.002592657658, 0.002713741071]
    ]
  },
  "VirEnv_5": {
    "overlayCoords": [
      [0.0002413063063, 0.001713741071],
      [0.001592657658, 0.001713741071],
      [0.001592657658, 0.0001972931655],
      [0.0002413063063, 0.0001972931655]
    ],
    "bounds": [
      [-0.0007586936937, -0.0013027063345],
      [0.002592657658, 0.002713741071]
    ]
  },
  "VirEnv_6": {
    "overlayCoords": [
      [0.0002413063063, 0.001713741071],
      [0.001592657658, 0.001713741071],
      [0.001592657658, 0.0001972931655],
      [0.0002413063063, 0.0001972931655]
    ],
    "bounds": [
      [-0.0007586936937, -0.0013027063345],
      [0.002592657658, 0.002713741071]
    ]
  },
  "VirEnv_7": {
    "overlayCoords": [
      [0.0002413063063, 0.001713741071],
      [0.001592657658, 0.001713741071],
      [0.001592657658, 0.0001972931655],
      [0.0002413063063, 0.0001972931655]
    ],
    "bounds": [
      [-0.0007586936937, -0.0013027063345],
      [0.002592657658, 0.002713741071]
    ]
  },
  "VirEnv_8": {
    "overlayCoords": [
      [0.0002413063063, 0.001713741071],
      [0.001592657658, 0.001713741071],
      [0.001592657658, 0.0001972931655],
      [0.0002413063063, 0.0001972931655]
    ],
    "bounds": [
      [-0.0007586936937, -0.0013027063345],
      [0.002592657658, 0.002713741071]
    ]
  },
  "VirEnv_9": {
    "overlayCoords": [
      [0.0002413063063, 0.001713741071],
      [0.001592657658, 0.001713741071],
      [0.001592657658, 0.0001972931655],
      [0.0002413063063, 0.0001972931655]
    ],
    "bounds": [
      [-0.0007586936937, -0.0013027063345],
      [0.002592657658, 0.002713741071]
    ]
  },
  "VirEnv_10": {
    "overlayCoords": [
      [0.0002413063063, 0.001713741071],
      [0.001592657658, 0.001713741071],
      [0.001592657658, 0.0001972931655],
      [0.0002413063063, 0.0001972931655]
    ],
    "bounds": [
      [-0.0007586936937, -0.0013027063345],
      [0.002592657658, 0.002713741071]
    ]
  },
  "VirEnv_11": {
    "overlayCoords": [
      [0.0002413063063, 0.001713741071],
      [0.001592657658, 0.001713741071],
      [0.001592657658, 0.0001972931655],
      [0.0002413063063, 0.0001972931655]
    ],
    "bounds": [
      [-0.0007586936937, -0.0013027063345],
      [0.002592657658, 0.002713741071]
    ]
  },
  "VirEnv_12": {
    "overlayCoords": [
      [0.0002413063063, 0.001713741071],
      [0.001592657658, 0.001713741071],
      [0.001592657658, 0.0001972931655],
      [0.0002413063063, 0.0001972931655]
    ],
    "bounds": [
      [-0.0007586936937, -0.0013027063345],
      [0.002592657658, 0.002713741071]
    ]
  },
  "VirEnv_13": {
    "overlayCoords": [
      [0.0002413063063, 0.001713741071],
      [0.001592657658, 0.001713741071],
      [0.001592657658, 0.0001972931655],
      [0.0002413063063, 0.0001972931655]
    ],
    "bounds": [
      [-0.0007586936937, -0.0013027063345],
      [0.002592657658, 0.002713741071]
    ]
  },
  "VirEnv_14": {
    "overlayCoords": [
      [0.0002413063063, 0.001713741071],
      [0.001592657658, 0.001713741071],
      [0.001592657658, 0.0001972931655],
      [0.0002413063063, 0.0001972931655]
    ],
    "bounds": [
      [-0.0007586936937, -0.0013027063345],
      [0.002592657658, 0.002713741071]
    ]
  },
  "VirEnv_15": {
    "overlayCoords": [
      [0.0002413063063, 0.001713741071],
      [0.001592657658, 0.001713741071],
      [0.001592657658, 0.0001972931655],
      [0.0002413063063, 0.0001972931655]
    ],
    "bounds": [
      [-0.0007586936937, -0.0013027063345],
      [0.002592657658, 0.002713741071]
    ]
  },
  "VirEnv_16": {
    "overlayCoords": [
      [0.0002413063063, 0.001713741071],
      [0.001592657658, 0.001713741071],
      [0.001592657658, 0.0001972931655],
      [0.0002413063063, 0.0001972931655]
    ],
    "bounds": [
      [-0.0007586936937, -0.0013027063345],
      [0.002592657658, 0.002713741071]
    ]
  },
  "VirEnv_17": {
    "overlayCoords": [
      [0.0002413063063, 0.001713741071],
      [0.001592657658, 0.001713741071],
      [0.001592657658, 0.0001972931655],
      [0.0002413063063, 0.0001972931655]
    ],
    "bounds": [
      [-0.0007586936937, -0.0013027063345],
      [0.002592657658, 0.002713741071]
    ]
  },
  "VirEnv_18": {
    "overlayCoords": [
      [0.0002413063063, 0.001713741071],
      [0.001592657658, 0.001713741071],
      [0.001592657658, 0.0001972931655],
      [0.0002413063063, 0.0001972931655]
    ],
    "bounds": [
      [-0.0007586936937, -0.0013027063345],
      [0.002592657658, 0.002713741071]
    ]
  },
  "VirEnv_19": {
    "overlayCoords": [
      [0.0002413063063, 0.001713741071],
      [0.001592657658, 0.001713741071],
      [0.001592657658, 0.0001972931655],
      [0.0002413063063, 0.0001972931655]
    ],
    "bounds": [
      [-0.0007586936937, -0.0013027063345],
      [0.002592657658, 0.002713741071]
    ]
  },
  "VirEnv_20": {
    "overlayCoords": [
      [0.0002413063063, 0.001713741071],
      [0.001592657658, 0.001713741071],
      [0.001592657658, 0.0001972931655],
      [0.0002413063063, 0.0001972931655]
    ],
    "bounds": [
      [-0.0007586936937, -0.0013027063345],
      [0.002592657658, 0.002713741071]
    ]
  },
  "VirEnv_21": {
    "overlayCoords": [
      [0.0002413063063, 0.001713741071],
      [0.001592657658, 0.001713741071],
      [0.001592657658, 0.0001972931655],
      [0.0002413063063, 0.0001972931655]
    ],
    "bounds": [
      [-0.0007586936937, -0.0013027063345],
      [0.002592657658, 0.002713741071]
    ]
  },
  "VirEnv_22": {
    "overlayCoords": [
      [0.000227126126126126, 0.00259935714285714],
      [0.00247937837837838, 0.00259935714285714],
      [0.00247937837837838, 0.000369856115107914],
      [0.000227126126126126, 0.000369856115107914]
    ],
    "bounds": [
      [-0.000772873873873874, -0.001130643884892086],
      [0.00347937837837838, 0.00359935714285714]
    ]
  },
  "VirEnv_23": {
    "overlayCoords": [
      [0.000227126126126126, 0.00259935714285714],
      [0.00247937837837838, 0.00259935714285714],
      [0.00247937837837838, 0.000369856115107914],
      [0.000227126126126126, 0.000369856115107914]
    ],
    "bounds": [
      [-0.000772873873873874, -0.001130643884892086],
      [0.00347937837837838, 0.00359935714285714]
    ]
  },
  "VirEnv_24": {
    "overlayCoords": [
      [0.000227126126126126, 0.00259935714285714],
      [0.00247937837837838, 0.00259935714285714],
      [0.00247937837837838, 0.000369856115107914],
      [0.000227126126126126, 0.000369856115107914]
    ],
    "bounds": [
      [-0.000772873873873874, -0.001130643884892086],
      [0.00347937837837838, 0.00359935714285714]
    ]
  },